horizon,fold,model,crisis_state_fold,PR_AUC,ROC_AUC,F1,Recall,Precision,Threshold
40,2,Logit,1,,,0.0,0.0,0.0,0.64
40,2,RF,1,,,0.0,0.0,0.0,0.36000000000000004
40,2,XGBoost,1,,,0.0,0.0,0.0,0.06999999999999999
40,3,Logit,1,,,0.0,0.0,0.0,0.99
40,3,RF,1,,,0.0,0.0,0.0,0.31
40,3,XGBoost,1,,,0.0,0.0,0.0,0.06999999999999999
