horizon,ml_model,ml_pr_auc,dl_model,dl_pr_auc,hybrid_score
60,Logit,0.5011073782099841,ALSTM,0.5089262275488764,0.5050168028794302
40,Logit,0.5703906498383631,CausalTCN,0.3648398347622212,0.46761524230029217
