horizon,ml_model,ml_pr_auc,dl_model,dl_pr_auc,hybrid_score
60,Logit,0.5011073782099841,ALSTM,0.5359719573072479,0.518539667758616
40,Logit,0.5703906498383631,CausalTCN,0.41074351709633505,0.49056708346734906
