horizon,ml_model,ml_pr_auc,dl_model,dl_pr_auc,hybrid_score
60,XGBoost,0.4505977830939335,ALSTM,0.6965429651384737,0.5735703741162036
40,Logit,0.23428623322594444,CausalTCN,0.8185694958996411,0.5264278645627928
