,State 0,State 1,State 2
State 0,0.9944275909813577,0.0,0.00557240901864226
State 1,0.0,0.9979359426643853,0.0020640573356146973
State 2,0.01433211188251752,0.0013098520167473212,0.9843580361007351
